{
  "steps": [
    31,
    62,
    92,
    123
  ],
  "train_loss": [
    1.6436657905578613,
    1.1528735160827637,
    0.8283585906028748
  ],
  "val_loss": [
    1.7892170190811156,
    1.7478342175483703,
    1.9123927712440492
  ]
}