{
  "steps": [
    515,
    1030,
    1545,
    2060
  ],
  "train_loss": [
    1.9233494997024536,
    1.692186951637268,
    1.2139949798583984,
    0.3960579037666321
  ],
  "val_loss": [
    1.603300392627716,
    1.6126368300428668,
    1.7708233565960116,
    1.9646153588896815
  ]
}