{
  "steps": [
    2,
    3,
    4,
    6
  ],
  "train_loss": [
    9.281402587890625,
    6.639997959136963,
    8.559925079345703,
    7.380996227264404
  ],
  "val_loss": null
}