{
  "steps": [
    309,
    618,
    927,
    1236
  ],
  "train_loss": [
    7.67254114151001,
    NaN
  ],
  "val_loss": [
    5.20715462814257,
    NaN
  ]
}