{
  "steps": [
    2,
    4,
    7,
    9
  ],
  "train_loss": [
    3.5531136989593506,
    4.983199119567871,
    4.325918197631836,
    4.21342658996582
  ],
  "val_loss": null
}