{
  "steps": [
    309,
    618,
    927,
    1236
  ],
  "train_loss": [
    2.117047071456909,
    1.0977470874786377
  ],
  "val_loss": [
    1.4440792741127384,
    1.573689097918353
  ]
}