{
  "steps": [
    763,
    1526,
    2288,
    3051
  ],
  "train_loss": [
    1.8691680431365967,
    1.021931767463684
  ],
  "val_loss": [
    1.659794600929801,
    1.7231853526877605
  ]
}