{
  "steps": [
    763,
    1526,
    2288,
    3051
  ],
  "train_loss": [
    1.9305506944656372,
    0.957825243473053
  ],
  "val_loss": [
    1.674482886481473,
    1.7294077288916732
  ]
}