{
  "steps": [
    31,
    62,
    92,
    123
  ],
  "train_loss": [
    2.7031404972076416,
    1.8081984519958496,
    1.1741856336593628,
    1.3852030038833618
  ],
  "val_loss": [
    2.754391074180603,
    2.0941370487213136,
    1.9639245867729187,
    1.9414339423179627
  ]
}