{
  "steps": [
    309,
    618,
    927,
    1236
  ],
  "train_loss": [
    2.1225879192352295,
    1.767881155014038
  ],
  "val_loss": [
    1.6269023973964951,
    1.6298486208452763
  ]
}