{
  "steps": [
    309,
    618,
    927,
    1236
  ],
  "train_loss": [
    2.14381742477417,
    1.8500558137893677,
    1.7731859683990479,
    0.848048210144043
  ],
  "val_loss": [
    1.6480034954339555,
    1.6041585768310769,
    1.5904096596449324,
    1.6056321136002403
  ]
}