{
  "run_name": "dialogpt-small-v2_n050_phase2",
  "phase": 2,
  "total_steps": 123,
  "checkpoint_steps": [
    31,
    62,
    92,
    123
  ],
  "final_checkpoint": "/Users/hemapunyamoorty/Desktop/chat_bot/wellness_pipeline/checkpoints/dialogpt-small-v2_n050_phase2/final",
  "loss_log": "/Users/hemapunyamoorty/Desktop/chat_bot/wellness_pipeline/logs/dialogpt-small-v2_n050_phase2_loss.jsonl",
  "first_loss": 9.616841316223145,
  "last_loss": 6.979367733001709,
  "loss_curve_flat_or_nondecreasing": false,
  "val_examples_used": 10,
  "checkpoint_curve": {
    "steps": [
      31,
      62,
      92,
      123
    ],
    "train_loss": [
      6.451716423034668,
      7.293304443359375,
      9.392040252685547,
      6.979367733001709
    ],
    "val_loss": [
      7.180931425094604,
      6.869205951690674,
      6.685654211044311,
      6.457463121414184
    ]
  },
  "possible_overfitting": false,
  "early_stopped": false,
  "early_stopped_at_step": null,
  "best_val_loss": 6.457463121414184
}