{
  "steps": [
    31,
    62,
    92,
    123
  ],
  "train_loss": [
    1.6133947372436523,
    0.8351040482521057,
    0.6910080909729004
  ],
  "val_loss": [
    1.82083740234375,
    1.7285681247711182,
    1.984084951877594
  ]
}