{
  "steps": [
    309,
    618,
    927,
    1236
  ],
  "train_loss": [
    7.519277095794678,
    4.626155853271484,
    6.237903594970703,
    4.994019985198975
  ],
  "val_loss": [
    4.812054955843583,
    4.492761007790427,
    4.317851471669465,
    4.070541935059631
  ]
}