{
  "run_name": "gemma-4-e2b-it-v2_n050_phase3",
  "phase": 3,
  "total_steps": 123,
  "checkpoint_steps": [
    31,
    62,
    92,
    123
  ],
  "final_checkpoint": "/Users/hemapunyamoorty/Desktop/chat_bot/wellness_pipeline/checkpoints/gemma-4-e2b-it-v2_n050_phase3/final",
  "loss_log": "/Users/hemapunyamoorty/Desktop/chat_bot/wellness_pipeline/logs/gemma-4-e2b-it-v2_n050_phase3_loss.jsonl",
  "first_loss": 5.542802333831787,
  "last_loss": 1.3852030038833618,
  "loss_curve_flat_or_nondecreasing": false,
  "val_examples_used": 10,
  "checkpoint_curve": {
    "steps": [
      31,
      62,
      92,
      123
    ],
    "train_loss": [
      2.7031404972076416,
      1.8081984519958496,
      1.1741856336593628,
      1.3852030038833618
    ],
    "val_loss": [
      2.754391074180603,
      2.0941370487213136,
      1.9639245867729187,
      1.9414339423179627
    ]
  },
  "possible_overfitting": false,
  "early_stopped": false,
  "early_stopped_at_step": null,
  "best_val_loss": 1.9414339423179627
}