{
  "steps": [
    763,
    1526,
    2288,
    3051
  ],
  "train_loss": [
    1.8652222156524658,
    0.9864858388900757
  ],
  "val_loss": [
    1.671103840737831,
    1.71964087753784
  ]
}