{
  "steps": [
    31,
    62,
    92,
    123
  ],
  "train_loss": [
    1.688876748085022,
    1.1933497190475464
  ],
  "val_loss": [
    1.937562143802643,
    1.9540016651153564
  ]
}