{
  "run_name": "qwen3-8b-v2_n050_phase3",
  "phase": 3,
  "total_steps": 123,
  "checkpoint_steps": [
    31,
    62,
    92,
    123
  ],
  "final_checkpoint": "/Users/hemapunyamoorty/Desktop/chat_bot/wellness_pipeline/checkpoints/qwen3-8b-v2_n050_phase3/final",
  "loss_log": "/Users/hemapunyamoorty/Desktop/chat_bot/wellness_pipeline/logs/qwen3-8b-v2_n050_phase3_loss.jsonl",
  "first_loss": 3.379309892654419,
  "last_loss": 1.439131736755371,
  "loss_curve_flat_or_nondecreasing": false,
  "val_examples_used": 10,
  "checkpoint_curve": {
    "steps": [
      31,
      62,
      92,
      123
    ],
    "train_loss": [
      1.8696030378341675,
      1.5935980081558228,
      1.3369766473770142,
      1.439131736755371
    ],
    "val_loss": [
      2.239040732383728,
      1.9565820455551148,
      1.8703261494636536,
      1.9544882297515869
    ]
  },
  "possible_overfitting": false,
  "early_stopped": true,
  "early_stopped_at_step": 123,
  "best_val_loss": 1.8703261494636536
}