{
  "run_name": "gemma-4-e2b-it_phase3",
  "phase": 3,
  "total_steps": 205,
  "checkpoint_steps": [
    51,
    102,
    154,
    205
  ],
  "final_checkpoint": "/Users/hemapunyamoorty/Desktop/chat_bot/wellness_pipeline/checkpoints/gemma-4-e2b-it_phase3/final",
  "loss_log": "/Users/hemapunyamoorty/Desktop/chat_bot/wellness_pipeline/logs/gemma-4-e2b-it_phase3_loss.jsonl",
  "first_loss": 5.542802333831787,
  "last_loss": 0.8519646525382996,
  "loss_curve_flat_or_nondecreasing": false,
  "val_examples_used": 10,
  "checkpoint_curve": {
    "steps": [
      51,
      102,
      154,
      205
    ],
    "train_loss": [
      1.7038812637329102,
      1.3586190938949585,
      0.9893122315406799,
      0.8519646525382996
    ],
    "val_loss": [
      2.228891885280609,
      1.9255598783493042,
      1.9244740724563598,
      2.178797125816345
    ]
  },
  "possible_overfitting": true
}