{
  "steps": [
    31,
    62,
    92,
    123
  ],
  "train_loss": [
    6.451716423034668,
    7.293304443359375,
    9.392040252685547,
    6.979367733001709
  ],
  "val_loss": [
    7.180931425094604,
    6.869205951690674,
    6.685654211044311,
    6.457463121414184
  ]
}