{
  "steps": [
    763,
    1526,
    2288,
    3051
  ],
  "train_loss": [
    1.2901921272277832,
    0.6999584436416626
  ],
  "val_loss": [
    1.5050779808693984,
    1.600924009647895
  ]
}