{
  "steps": [
    763,
    1526,
    2288,
    3051
  ],
  "train_loss": [
    1.183442234992981,
    0.7291646003723145
  ],
  "val_loss": [
    1.4946562413155564,
    1.59020217619543
  ]
}