{
  "run_name": "empathetic-qwen3-8b-jan-v2_n050_phase2",
  "phase": 2,
  "total_steps": 123,
  "checkpoint_steps": [
    31,
    62,
    92,
    123
  ],
  "final_checkpoint": "/Users/hemapunyamoorty/Desktop/chat_bot/wellness_pipeline/checkpoints/empathetic-qwen3-8b-jan-v2_n050_phase2/final",
  "loss_log": "/Users/hemapunyamoorty/Desktop/chat_bot/wellness_pipeline/logs/empathetic-qwen3-8b-jan-v2_n050_phase2_loss.jsonl",
  "first_loss": 2.978668451309204,
  "last_loss": 1.4453517198562622,
  "loss_curve_flat_or_nondecreasing": false,
  "val_examples_used": 10,
  "checkpoint_curve": {
    "steps": [
      31,
      62,
      92,
      123
    ],
    "train_loss": [
      1.9857856035232544,
      1.59321928024292,
      1.2712398767471313,
      1.4453517198562622
    ],
    "val_loss": [
      2.3936466574668884,
      2.0328248620033262,
      1.957088589668274,
      2.136867940425873
    ]
  },
  "possible_overfitting": false,
  "early_stopped": true,
  "early_stopped_at_step": 123,
  "best_val_loss": 1.957088589668274
}