{
  "steps": [
    309,
    618,
    927,
    1236
  ],
  "train_loss": [
    2.144942045211792,
    1.6273159980773926
  ],
  "val_loss": [
    1.6218415330914617,
    1.712108206401751
  ]
}