{
  "steps": [
    51,
    102,
    154,
    205
  ],
  "train_loss": [
    1.6078190803527832,
    1.3707090616226196,
    0.9444895386695862,
    0.8973143696784973
  ],
  "val_loss": [
    2.28106449842453,
    2.0079015731811523,
    2.03271005153656,
    2.4175000548362733
  ]
}