{
  "steps": [
    309,
    618,
    927,
    1236
  ],
  "train_loss": [
    2.3108279705047607,
    1.883987545967102,
    1.6677443981170654
  ],
  "val_loss": [
    1.6615807217301675,
    1.6513605323231335,
    1.7255309970633497
  ]
}