{
  "steps": [
    1,
    2,
    3
  ],
  "train_loss": [
    8.417394638061523,
    8.31197452545166,
    8.4375638961792
  ],
  "val_loss": null
}