{
  "steps": [
    763,
    1526,
    2288,
    3051
  ],
  "train_loss": [
    1.875793218612671,
    0.9964566230773926
  ],
  "val_loss": [
    1.6611742677651054,
    1.7109067125583257
  ]
}