{
  "steps": [
    31,
    62,
    92,
    123
  ],
  "train_loss": [
    1.6481043100357056,
    1.0644358396530151,
    0.7736924886703491
  ],
  "val_loss": [
    1.8067283987998963,
    1.7369301795959473,
    1.922793161869049
  ]
}