{
  "run_name": "gemma-4-e2b-it-v2_n050_phase2",
  "phase": 2,
  "total_steps": 123,
  "checkpoint_steps": [
    31,
    62,
    92,
    123
  ],
  "final_checkpoint": "/Users/hemapunyamoorty/Desktop/chat_bot/wellness_pipeline/checkpoints/gemma-4-e2b-it-v2_n050_phase2/final",
  "loss_log": "/Users/hemapunyamoorty/Desktop/chat_bot/wellness_pipeline/logs/gemma-4-e2b-it-v2_n050_phase2_loss.jsonl",
  "first_loss": 4.58572244644165,
  "last_loss": 1.3954987525939941,
  "loss_curve_flat_or_nondecreasing": false,
  "val_examples_used": 10,
  "checkpoint_curve": {
    "steps": [
      31,
      62,
      92,
      123
    ],
    "train_loss": [
      2.725830078125,
      2.038813829421997,
      1.1783981323242188,
      1.3954987525939941
    ],
    "val_loss": [
      2.6458384513854982,
      2.149867391586304,
      2.0466184496879576,
      2.0247380137443542
    ]
  },
  "possible_overfitting": false,
  "early_stopped": false,
  "early_stopped_at_step": null,
  "best_val_loss": 2.0247380137443542
}