{
  "steps": [
    309,
    618,
    927,
    1236
  ],
  "train_loss": [
    2.213279962539673,
    1.750679612159729
  ],
  "val_loss": [
    1.64197344340167,
    1.6437966337481749
  ]
}