{
  "steps": [
    31,
    62,
    92,
    123
  ],
  "train_loss": [
    2.725830078125,
    2.038813829421997,
    1.1783981323242188,
    1.3954987525939941
  ],
  "val_loss": [
    2.6458384513854982,
    2.149867391586304,
    2.0466184496879576,
    2.0247380137443542
  ]
}