{
  "steps": [
    763,
    1526,
    2288,
    3051
  ],
  "train_loss": [
    1.3019330501556396,
    0.7516511082649231
  ],
  "val_loss": [
    1.5010090993614646,
    1.5793956546332892
  ]
}