{
  "steps": [
    763,
    1526,
    2288,
    3051
  ],
  "train_loss": [
    4.078210353851318,
    4.331023693084717,
    NaN
  ],
  "val_loss": [
    4.444670788885102,
    4.122445351495518,
    NaN
  ]
}