{
  "steps": [
    763,
    1526,
    2288,
    3051
  ],
  "train_loss": [
    1.632996678352356,
    1.1260384321212769
  ],
  "val_loss": [
    1.5954569995872618,
    1.6179133895344622
  ]
}