{
  "run_name": "mistral-7b-instruct-v0.3-v2_n050_phase2",
  "phase": 2,
  "total_steps": 123,
  "checkpoint_steps": [
    31,
    62,
    92,
    123
  ],
  "final_checkpoint": "/Users/hemapunyamoorty/Desktop/chat_bot/wellness_pipeline/checkpoints/mistral-7b-instruct-v0.3-v2_n050_phase2/final",
  "loss_log": "/Users/hemapunyamoorty/Desktop/chat_bot/wellness_pipeline/logs/mistral-7b-instruct-v0.3-v2_n050_phase2_loss.jsonl",
  "first_loss": 2.9406232833862305,
  "last_loss": 0.8283585906028748,
  "loss_curve_flat_or_nondecreasing": false,
  "val_examples_used": 10,
  "checkpoint_curve": {
    "steps": [
      31,
      62,
      92,
      123
    ],
    "train_loss": [
      1.6436657905578613,
      1.1528735160827637,
      0.8283585906028748
    ],
    "val_loss": [
      1.7892170190811156,
      1.7478342175483703,
      1.9123927712440492
    ]
  },
  "possible_overfitting": true,
  "early_stopped": true,
  "early_stopped_at_step": 92,
  "best_val_loss": 1.7478342175483703
}