{
  "run_name": "gemma-4-e2b-it_n500_phase3",
  "phase": 3,
  "total_steps": 2060,
  "checkpoint_steps": [
    515,
    1030,
    1545,
    2060
  ],
  "final_checkpoint": "/Users/hemapunyamoorty/Desktop/chat_bot/wellness_pipeline/checkpoints/gemma-4-e2b-it_n500_phase3/final",
  "loss_log": "/Users/hemapunyamoorty/Desktop/chat_bot/wellness_pipeline/logs/gemma-4-e2b-it_n500_phase3_loss.jsonl",
  "first_loss": 5.542802333831787,
  "last_loss": 0.5692891478538513,
  "loss_curve_flat_or_nondecreasing": false,
  "val_examples_used": 103,
  "checkpoint_curve": {
    "steps": [
      515,
      1030,
      1545,
      2060
    ],
    "train_loss": [
      1.9006236791610718,
      1.6651830673217773,
      1.170101284980774,
      0.5692891478538513
    ],
    "val_loss": [
      1.589690193389226,
      1.5840951568872026,
      1.7380698907722547,
      1.920302685024669
    ]
  },
  "possible_overfitting": true
}