{
  "steps": [
    763,
    1526,
    2288,
    3051
  ],
  "train_loss": [
    1.6115533113479614,
    1.1780123710632324
  ],
  "val_loss": [
    1.6118793658853516,
    1.6549495045594342
  ]
}