{
  "steps": [
    31,
    62,
    92,
    123
  ],
  "train_loss": [
    1.8696030378341675,
    1.5935980081558228,
    1.3369766473770142,
    1.439131736755371
  ],
  "val_loss": [
    2.239040732383728,
    1.9565820455551148,
    1.8703261494636536,
    1.9544882297515869
  ]
}