{
  "steps": [
    763,
    1526,
    2288,
    3051
  ],
  "train_loss": [
    1.8589564561843872,
    1.033003807067871
  ],
  "val_loss": [
    1.6832278260565179,
    1.7513757233075269
  ]
}