{
  "run_name": "llama-3-8b-v2_n050_phase2",
  "phase": 2,
  "total_steps": 123,
  "checkpoint_steps": [
    31,
    62,
    92,
    123
  ],
  "final_checkpoint": "/Users/hemapunyamoorty/Desktop/chat_bot/wellness_pipeline/checkpoints/llama-3-8b-v2_n050_phase2/final",
  "loss_log": "/Users/hemapunyamoorty/Desktop/chat_bot/wellness_pipeline/logs/llama-3-8b-v2_n050_phase2_loss.jsonl",
  "first_loss": 2.1234936714172363,
  "last_loss": 1.1168769598007202,
  "loss_curve_flat_or_nondecreasing": false,
  "val_examples_used": 10,
  "checkpoint_curve": {
    "steps": [
      31,
      62,
      92,
      123
    ],
    "train_loss": [
      1.6820446252822876,
      1.1694306135177612,
      1.1168769598007202
    ],
    "val_loss": [
      1.9905087113380433,
      1.878672432899475,
      1.98675194978714
    ]
  },
  "possible_overfitting": true,
  "early_stopped": true,
  "early_stopped_at_step": 92,
  "best_val_loss": 1.878672432899475
}