{
  "steps": [
    2,
    3,
    4,
    6
  ],
  "train_loss": [
    9.279500961303711,
    6.256655216217041,
    8.455530166625977,
    7.092524528503418
  ],
  "val_loss": null
}