{
  "steps": [
    1,
    2,
    3
  ],
  "train_loss": [
    8.642244338989258,
    8.572564125061035,
    8.359472274780273
  ],
  "val_loss": null
}