{
  "steps": [
    31,
    62,
    92,
    123
  ],
  "train_loss": [
    1.9857856035232544,
    1.59321928024292,
    1.2712398767471313,
    1.4453517198562622
  ],
  "val_loss": [
    2.3936466574668884,
    2.0328248620033262,
    1.957088589668274,
    2.136867940425873
  ]
}