{
  "steps": [
    763,
    1526,
    2288,
    3051
  ],
  "train_loss": [
    4.207200527191162,
    3.986625909805298,
    5.0566020011901855,
    NaN
  ],
  "val_loss": [
    4.356344203310688,
    4.164533326006311,
    3.9637482363408005,
    NaN
  ]
}