{
  "run_name": "gemma-4-e2b-it_n500_phase2",
  "phase": 2,
  "total_steps": 2060,
  "checkpoint_steps": [
    515,
    1030,
    1545,
    2060
  ],
  "final_checkpoint": "/Users/hemapunyamoorty/Desktop/chat_bot/wellness_pipeline/checkpoints/gemma-4-e2b-it_n500_phase2/final",
  "loss_log": "/Users/hemapunyamoorty/Desktop/chat_bot/wellness_pipeline/logs/gemma-4-e2b-it_n500_phase2_loss.jsonl",
  "first_loss": 4.58572244644165,
  "last_loss": 0.3960579037666321,
  "loss_curve_flat_or_nondecreasing": false,
  "val_examples_used": 103,
  "checkpoint_curve": {
    "steps": [
      515,
      1030,
      1545,
      2060
    ],
    "train_loss": [
      1.9233494997024536,
      1.692186951637268,
      1.2139949798583984,
      0.3960579037666321
    ],
    "val_loss": [
      1.603300392627716,
      1.6126368300428668,
      1.7708233565960116,
      1.9646153588896815
    ]
  },
  "possible_overfitting": true
}