{
  "steps": [
    51,
    102,
    154,
    205
  ],
  "train_loss": [
    9.558862686157227,
    5.445422172546387,
    4.608606338500977,
    5.410661697387695
  ],
  "val_loss": [
    6.713566255569458,
    6.404343509674073,
    5.504898309707642,
    4.717060017585754
  ]
}