{
  "steps": [
    309,
    618,
    927,
    1236
  ],
  "train_loss": [
    2.135218620300293,
    1.6402779817581177
  ],
  "val_loss": [
    1.6105865199589036,
    1.688432694638817
  ]
}