{
  "steps": [
    31,
    62,
    92,
    123
  ],
  "train_loss": [
    6.221463203430176,
    6.705703258514404,
    9.968374252319336,
    7.325830936431885
  ],
  "val_loss": [
    6.875442838668823,
    6.646214199066162,
    6.434092473983765,
    6.159210920333862
  ]
}