{
  "steps": [
    31,
    62,
    92,
    123
  ],
  "train_loss": [
    1.6820446252822876,
    1.1694306135177612,
    1.1168769598007202
  ],
  "val_loss": [
    1.9905087113380433,
    1.878672432899475,
    1.98675194978714
  ]
}