{
  "steps": [
    309,
    618,
    927,
    1236
  ],
  "train_loss": [
    2.192155361175537,
    1.189168095588684
  ],
  "val_loss": [
    1.4377640798253921,
    1.5485836302192466
  ]
}