{
  "steps": [
    515,
    1030,
    1545,
    2060
  ],
  "train_loss": [
    1.9006236791610718,
    1.6651830673217773,
    1.170101284980774,
    0.5692891478538513
  ],
  "val_loss": [
    1.589690193389226,
    1.5840951568872026,
    1.7380698907722547,
    1.920302685024669
  ]
}