{
  "steps": [
    309,
    618,
    927,
    1236
  ],
  "train_loss": [
    2.1528215408325195,
    1.8231819868087769,
    1.7414216995239258,
    0.9056390523910522
  ],
  "val_loss": [
    1.6207374033418673,
    1.577108563150017,
    1.5758056443871804,
    1.5808064098497039
  ]
}