{
  "steps": [
    763,
    1526,
    2288,
    3051
  ],
  "train_loss": [
    1.16246497631073,
    0.704200267791748
  ],
  "val_loss": [
    1.4887930312025266,
    1.5580061904088718
  ]
}