{
  "steps": [
    2,
    4,
    7,
    9
  ],
  "train_loss": [
    4.647587299346924,
    6.357302188873291,
    5.911080837249756,
    5.560734272003174
  ],
  "val_loss": null
}