{
  "run_name": "qwen3-8b-v2_n050_phase2",
  "phase": 2,
  "total_steps": 123,
  "checkpoint_steps": [
    31,
    62,
    92,
    123
  ],
  "final_checkpoint": "/Users/hemapunyamoorty/Desktop/chat_bot/wellness_pipeline/checkpoints/qwen3-8b-v2_n050_phase2/final",
  "loss_log": "/Users/hemapunyamoorty/Desktop/chat_bot/wellness_pipeline/logs/qwen3-8b-v2_n050_phase2_loss.jsonl",
  "first_loss": 3.2170677185058594,
  "last_loss": 1.3979252576828003,
  "loss_curve_flat_or_nondecreasing": false,
  "val_examples_used": 10,
  "checkpoint_curve": {
    "steps": [
      31,
      62,
      92,
      123
    ],
    "train_loss": [
      2.073284864425659,
      1.7235398292541504,
      1.2767784595489502,
      1.3979252576828003
    ],
    "val_loss": [
      2.4465264439582826,
      2.094707930088043,
      1.9766022324562074,
      2.018144416809082
    ]
  },
  "possible_overfitting": false,
  "early_stopped": true,
  "early_stopped_at_step": 123,
  "best_val_loss": 1.9766022324562074
}