{
  "steps": [
    31,
    62,
    92,
    123
  ],
  "train_loss": [
    1.7213987112045288,
    0.9942223429679871,
    0.7056738138198853
  ],
  "val_loss": [
    1.879586410522461,
    1.7253368377685547,
    1.8784611582756043
  ]
}