{
  "steps": [
    309,
    618,
    927,
    1236
  ],
  "train_loss": [
    2.243008613586426,
    1.9120920896530151,
    1.6372562646865845
  ],
  "val_loss": [
    1.6542823991729219,
    1.6429198106515754,
    1.6971225402887584
  ]
}