{
  "steps": [
    309,
    618,
    927,
    1236
  ],
  "train_loss": [
    2.1156420707702637,
    1.1410936117172241
  ],
  "val_loss": [
    1.4471271310037779,
    1.5503771548132295
  ]
}