{
  "steps": [
    51,
    102,
    154,
    205
  ],
  "train_loss": [
    9.658905982971191,
    5.877841472625732,
    5.497620582580566,
    5.628840446472168
  ],
  "val_loss": [
    6.964275074005127,
    6.631599950790405,
    6.186801624298096,
    5.321702456474304
  ]
}