{
  "run_name": "empathetic-qwen3-8b-jan-v2_n050_phase3",
  "phase": 3,
  "total_steps": 123,
  "checkpoint_steps": [
    31,
    62,
    92,
    123
  ],
  "final_checkpoint": "/Users/hemapunyamoorty/Desktop/chat_bot/wellness_pipeline/checkpoints/empathetic-qwen3-8b-jan-v2_n050_phase3/final",
  "loss_log": "/Users/hemapunyamoorty/Desktop/chat_bot/wellness_pipeline/logs/empathetic-qwen3-8b-jan-v2_n050_phase3_loss.jsonl",
  "first_loss": 2.797159194946289,
  "last_loss": 1.3169819116592407,
  "loss_curve_flat_or_nondecreasing": false,
  "val_examples_used": 10,
  "checkpoint_curve": {
    "steps": [
      31,
      62,
      92,
      123
    ],
    "train_loss": [
      1.8906461000442505,
      1.484891414642334,
      1.1578514575958252,
      1.3169819116592407
    ],
    "val_loss": [
      2.198063910007477,
      1.92039715051651,
      1.8846654176712037,
      2.110753607749939
    ]
  },
  "possible_overfitting": false,
  "early_stopped": true,
  "early_stopped_at_step": 123,
  "best_val_loss": 1.8846654176712037
}