{
  "steps": [
    309,
    618,
    927,
    1236
  ],
  "train_loss": [
    2.063340902328491,
    1.1988815069198608
  ],
  "val_loss": [
    1.4323776144425846,
    1.5781866861778555
  ]
}