{
  "steps": [
    51,
    102,
    154,
    205
  ],
  "train_loss": [
    1.7038812637329102,
    1.3586190938949585,
    0.9893122315406799,
    0.8519646525382996
  ],
  "val_loss": [
    2.228891885280609,
    1.9255598783493042,
    1.9244740724563598,
    2.178797125816345
  ]
}