{
  "steps": [
    31,
    62,
    92,
    123
  ],
  "train_loss": [
    2.073284864425659,
    1.7235398292541504,
    1.2767784595489502,
    1.3979252576828003
  ],
  "val_loss": [
    2.4465264439582826,
    2.094707930088043,
    1.9766022324562074,
    2.018144416809082
  ]
}