{
  "steps": [
    763,
    1526,
    2288,
    3051
  ],
  "train_loss": [
    1.8088374137878418,
    0.9573303461074829
  ],
  "val_loss": [
    1.6748839536989768,
    1.7168697909576687
  ]
}