{
  "steps": [
    31,
    62,
    92,
    123
  ],
  "train_loss": [
    1.8906461000442505,
    1.484891414642334,
    1.1578514575958252,
    1.3169819116592407
  ],
  "val_loss": [
    2.198063910007477,
    1.92039715051651,
    1.8846654176712037,
    2.110753607749939
  ]
}